,Sample 001,Sample 002,Sample 003,Sample 004,Sample 005,Sample 006,Sample 007,Sample 008,Sample 009,Sample 010,Sample 011,Sample 012,Sample 013,Sample 014,Sample 015,Sample 016,Sample 017,Sample 018,Sample 019,Sample 020,Sample 021,Sample 022,Sample 023,Sample 024,Sample 025,Sample 026,Sample 027,Sample 028,Sample 029,Sample 030,Sample 031,Sample 032,Sample 033,Sample 034,Sample 035,Sample 036,Sample 037,Sample 038,Sample 039,Sample 040,Sample 041,Sample 042,Sample 043,Sample 044,Sample 045,Sample 046,Sample 047,Sample 048,Sample 049,Sample 050,Sample 051,Sample 052,Sample 053,Sample 054,Sample 055,Sample 056,Sample 057,Sample 058,Sample 059,Sample 060,Sample 061,Sample 062,Sample 063,Sample 064,Sample 065,Sample 066,Sample 067,Sample 068,Sample 069,Sample 070,Sample 071,Sample 072,Sample 073,Sample 074,Sample 075,Sample 076,Sample 077,Sample 078,Sample 079,Sample 080,Sample 081,Sample 082,Sample 083,Sample 084,Sample 085,Sample 086,Sample 087,Sample 088,Sample 089,Sample 090,Sample 091,Sample 092,Sample 093,Sample 094,Sample 095,Sample 096,Sample 097,Sample 098,Sample 099,Sample 100
Compound 001,0.2014,0.5286,-0.1016,-0.7797,-0.3001,-0.8908,0.2662,1.6742,-0.3414,-0.4825,0.7388,0.5926,0.316,-0.8235,0.1678,0.9648,-1.2786,-0.3034,-1.8913,-1.2185,-1.8259,-0.0586,-1.1942,0.4984,0.3724,-0.0056,-2.5684,-0.3926,0.1466,0.3246,-1.4831,-0.3255,-0.8764,-0.6897,1.367,-0.6883,0.1642,1.1728,-0.442,0.0771,0.3215,0.2702,-1.1476,0.2838,1.6947,-1.5019,1.1453,0.3313,-0.5056,2.4005,1.0385,-1.1192,0.282,0.8344,-0.0077,0.9512,0.1268,0.934,1.7824,-0.5432,0.4235,-0.3096,0.34,-1.1059,-0.4372,-0.0158,1.1886,1.4597,-1.2559,-0.6741,0.9116,-1.9917,-0.3095,0.093,1.5827,0.9583,-0.1599,-0.2054,-0.0752,1.8759,-0.2708,-0.134,0.5878,0.0672,-0.017,-1.0255,0.1873,-0.2879,1.4827,0.9184,0.1734,0.9352,-0.1739,1.3573,0.1941,0.8417,-1.22,0.5813,-1.657,-2.0389
Compound 002,-0.1349,-0.7899,0.3805,2.6692,-0.7149,-0.4863,0.4259,0.7423,0.006,-0.0265,0.9727,0.7719,-0.937,0.1129,0.2388,-0.9599,0.4858,-0.7438,1.2693,0.412,0.2982,-0.4501,0.0695,-1.9975,-1.0445,0.5991,-2.1414,1.1313,-1.7207,1.0324,-0.73,1.0569,0.344,-1.4905,1.5741,1.7859,0.1276,-0.1013,0.0241,-0.8727,1.4084,-0.3972,0.1437,-0.6726,-0.4887,-1.2055,1.5828,0.0305,1.2625,0.2147,-0.5638,-0.1594,-0.4163,0.2088,-0.2128,-0.1299,-1.3164,-0.6875,2.0195,-0.5384,-0.9595,0.5711,1.748,-1.3994,-0.0294,-0.4953,-1.7371,1.0084,0.1742,0.2786,-0.6275,0.7003,-0.3932,0.0428,-1.0191,-1.1377,1.6691,-0.3578,0.5208,0.1628,-0.2853,-0.3588,0.8931,-0.1321,0.0334,0.2244,1.4942,0.9486,0.6209,-0.4199,-1.3202,1.2445,1.2631,0.0452,0.7961,1.0596,1.1143,1.2135,-0.3012,1.8665
Compound 003,-1.1713,1.1479,0.7433,1.161,2.2669,1.8329,-1.0597,-1.6575,1.0986,-0.9165,0.1864,1.1237,-1.6082,-2.121,0.4852,0.2488,-0.0704,0.2424,-0.7466,-1.4648,0.0167,-0.8689,-1.6078,0.7562,0.1325,0.6472,-0.8882,-0.5239,-0.8989,-0.7753,0.4149,-0.6613,0.5917,0.5737,2.4277,-1.3321,1.1767,0.1016,0.1846,-1.3949,-0.3062,1.0175,0.1093,0.2892,-0.1198,1.47,0.1764,-2.2205,-0.5613,-1.9657,-3.3766,-0.3831,1.6669,0.2518,-1.0898,-0.8348,1.4437,0.3734,0.2528,0.1412,0.2422,1.0859,0.8078,0.4373,-0.9472,0.7622,-0.5527,1.4032,-1.1982,0.0486,0.1919,-1.2571,2.0942,1.8064,-0.3099,1.0489,0.6165,-2.6749,0.4754,0.1325,0.2915,-0.9846,-0.0963,0.0039,1.5069,0.5679,0.1939,1.8819,-0.4108,-0.2284,-1.7984,1.926,1.2608,1.2085,0.9358,0.3212,0.437,-0.0772,-0.024,0.2597
Compound 004,1.863,0.8113,0.1357,-0.4373,-0.4985,1.963,0.7574,0.2743,-0.1808,-1.02,0.1265,1.161,-0.2318,-0.05,-0.0431,0.3206,-1.5523,-0.0589,-0.7398,1.173,-0.6477,0.8348,1.8769,-0.145,-0.4617,0.4106,0.1978,-0.893,0.707,2.4171,-0.0839,-0.0232,-0.9494,0.551,-1.1717,-1.0176,1.6076,-0.796,1.3895,1.8768,0.4853,0.8087,2.3475,-0.0164,-0.4523,-1.2886,0.2459,1.8271,1.2556,-0.8363,-0.7409,-0.3546,0.5215,-0.0258,0.4359,0.5264,-0.1287,0.1558,0.4273,0.1076,0.7539,2.258,0.8512,0.2614,-1.6547,0.6268,-1.9413,-1.3499,1.1401,0.9769,0.0351,-1.681,-0.2085,-0.5466,0.9005,2.6835,0.4386,-0.6572,-1.0876,0.1383,0.0055,-1.0667,0.328,-1.066,1.4233,1.3689,1.3932,-0.3215,0.766,0.0547,-0.2277,-0.1731,-1.2297,-1.3883,1.0737,-0.0104,0.4381,1.3019,-1.7064,-0.6625
Compound 005,0.3929,0.6313,-0.2148,1.3321,0.4314,-1.1347,-0.8238,1.086,0.7102,-1.889,1.6825,0.8578,1.6777,-0.2221,-0.1253,-1.0391,2.9906,0.007,1.9463,-0.512,0.3802,-1.6385,-0.2212,1.2821,-1.1769,1.3795,0.571,-0.9483,-0.3518,-0.305,0.1455,-0.3898,-0.71,-0.135,-0.9296,-1.2185,0.147,1.1712,-1.4823,0.2039,-0.515,-0.8749,1.1388,-0.37,1.8481,-0.6578,0.6252,-0.05,-0.6294,0.8464,0.0295,0.8635,0.148,-0.9944,0.0877,0.2572,1.2543,-0.7969,0.1567,-1.6941,0.9166,-0.9896,-1.787,0.1349,1.4163,-1.4769,-0.9968,-0.6176,-1.0424,0.6174,-0.6881,-0.5937,0.8416,-0.6311,0.6761,-0.8685,-1.1334,-1.819,2.2473,-0.1523,0.4683,0.1658,0.376,0.2547,2.299,-0.9428,-1.5132,-0.9132,-1.2682,1.0217,1.1024,-0.8574,-1.3295,-0.1903,1.7302,-2.9015,0.7793,-0.9833,1.3444,-0.9857
Compound 006,-0.114,-1.4569,-0.875,1.7244,1.1026,-0.2418,-0.7572,-1.8832,-0.233,0.166,0.1075,0.0968,-1.034,0.1271,0.1575,1.6196,2.2534,0.0493,-0.6429,0.1285,-0.4684,-0.6167,0.1355,-0.9476,0.8667,0.0857,0.475,-0.0012,-0.6,-0.8428,-0.061,-0.4036,0.4573,0.1951,-1.2985,0.2738,-1.2771,-0.4781,-0.1238,-2.0828,0.3007,0.3661,0.0262,-0.2667,-0.211,-0.8742,-0.0967,-0.4079,0.3009,-1.1245,0.4591,0.3575,0.0443,-0.2831,0.8076,-1.6311,0.7065,0.4673,0.5117,0.6216,-0.519,-0.0854,0.9008,0.6737,0.4274,-1.4658,0.7917,1.4864,1.3106,0.4573,-1.5134,1.2368,0.038,-2.5858,0.6149,-1.4414,-1.2261,-0.4985,1.5999,-0.2079,0.4981,2.1228,1.9534,0.0863,-0.0657,-1.187,-0.5639,0.6679,0.6353,0.3213,1.2943,-0.6496,0.1383,1.0044,0.8426,1.378,0.6367,-0.1403,0.5984,-0.9029
Compound 007,-1.6034,0.8387,0.1393,0.5393,-1.6675,-0.2016,-0.4598,-0.7506,-2.2805,-0.1684,1.187,0.6191,-0.461,0.1836,1.0325,-2.8365,0.063,0.7975,0.9503,2.0708,1.4486,0.5438,0.5322,1.0656,-0.3933,0.1558,1.1969,2.3532,0.0248,0.1468,0.4183,1.6775,0.1667,1.8163,-0.8633,-0.0046,-0.018,1.0652,1.3498,-1.4604,-0.8066,0.5705,-0.5246,-1.4747,1.3423,0.7434,0.7425,-0.323,1.3318,-0.064,1.4061,-0.8028,-0.7395,0.4251,-0.5726,0.943,0.4861,-0.8153,0.2802,-0.1864,1.2074,-0.4958,-0.2831,1.5324,2.6625,2.3989,0.2695,0.4407,1.8868,0.0631,-0.874,0.3286,0.6967,-0.7121,-1.6109,-1.3804,0.932,-0.6342,0.0445,0.4338,0.8811,-0.1684,0.7486,-0.7791,-0.1979,-0.9269,1.4449,0.1702,-0.6132,-0.1876,-0.0439,0.9706,-1.5552,-0.9409,-0.2159,2.9855,1.2512,0.0774,0.9832,2.4632
Compound 008,-0.0571,-0.2031,1.5331,0.7436,0.9385,-0.359,2.3166,2.0805,0.8225,0.9527,-2.03,0.9015,-0.0135,0.6773,0.9507,-0.1754,-1.6595,0.6047,-0.6155,-0.1632,-0.465,-0.1757,-2.3405,1.5386,0.4787,1.4225,2.3778,0.2249,-1.7827,-0.7833,-1.1276,-0.3521,0.2876,-2.0024,0.5767,-1.4614,0.5271,0.0796,-0.145,0.1197,-0.3938,-0.4737,-1.651,0.1674,2.2301,2.3785,1.654,0.9764,-0.5441,1.787,0.1383,0.1242,-0.1203,0.3012,-0.2787,0.1078,-0.9931,-0.211,2.7086,0.1234,-0.0625,0.7856,0.9789,-1.0251,-0.0279,1.2101,0.4968,0.3341,1.9094,-0.5456,0.291,-0.3721,1.8393,-1.947,-0.5372,-0.3821,0.9299,0.8669,1.7347,-1.5314,1.0255,-0.1226,-0.5322,0.7935,-0.8122,-2.0846,-0.2072,-1.4475,-0.5138,0.6087,0.5432,1.9456,-0.0196,-1.4867,-0.6317,-0.8113,-1.1396,0.6789,-0.5098,-1.9751
Compound 009,0.9666,0.0774,0.5925,0.3163,0.8948,0.2418,1.5598,0.6675,0.6313,0.6509,-1.4023,0.0189,-0.0852,0.4283,-1.2946,1.9975,0.3148,-1.1324,-1.6798,-0.1094,0.1014,-0.5901,0.3013,-0.5053,0.8068,-0.597,0.1576,1.2767,3.0288,-0.9084,-0.311,-0.7238,1.0628,-1.0629,-0.3328,0.1674,-0.8765,-0.8531,-0.3232,-2.1105,-1.39,-0.2543,0.3631,-0.0043,-1.7514,-0.3102,1.0783,0.8115,0.1134,-0.7761,0.8943,-0.4368,-1.0862,-0.6824,1.7932,0.4422,1.4752,-0.3273,1.232,-0.4617,0.0268,2.935,1.0439,-0.3513,0.1067,0.5588,1.5315,-0.338,-1.7155,-0.1076,0.2169,0.3205,1.6484,0.5484,1.0942,-1.0112,1.1547,2.5058,1.0502,0.4789,0.3694,2.1659,-0.8199,0.0778,0.7062,1.0184,-0.2811,0.5381,-0.1057,0.3325,0.0547,-1.0558,0.1768,1.1649,-0.8637,-0.0652,0.9313,-0.9769,0.4009,-0.9661
Compound 010,1.4481,2.7441,2.4245,-0.0411,1.0142,0.3331,0.3123,1.9025,-1.2511,1.3608,0.1461,1.7494,0.406,-0.5399,0.5049,1.0096,0.2393,0.7368,-0.3738,-2.1473,1.19,0.9691,0.363,0.2753,1.3399,-0.3028,-0.5772,-0.0074,1.508,-1.3258,1.511,-0.5032,-1.0108,1.5861,0.0934,-1.2303,-0.1946,1.2242,1.5113,-0.2698,0.647,0.9855,-0.5091,0.5905,0.1649,-0.3896,-0.3414,0.2737,0.2328,-0.422,-0.2685,1.4247,0.4352,1.1736,1.522,0.8477,2.698,-0.7078,1.0893,-0.15,2.2414,2.0705,-1.9496,-0.8658,0.9307,1.0689,1.0102,0.122,0.7006,0.9183,0.1143,1.33,-2.2854,0.8972,-0.9375,1.2545,-0.0516,-0.7777,0.6113,-0.8025,-0.804,-1.524,0.1706,0.7465,1.3253,0.0441,1.3526,0.2198,0.0974,0.8309,1.3642,-0.1756,-0.0681,0.0231,0.291,-0.7904,1.3308,-0.2405,0.7087,-0.708
Compound 011,0.5947,0.6308,-0.2627,2.423,0.6081,2.1546,1.2551,-0.5285,-0.2204,0.6797,0.2673,0.2544,-0.1148,-1.7893,-0.048,-2.2399,0.609,-0.5987,-0.587,-0.0412,0.4999,-1.3752,-1.7235,-0.9727,-2.0459,-0.8635,1.95,-0.9622,0.9165,-1.3088,0.529,-0.1517,0.1342,0.8257,2.1319,0.4142,0.3368,-0.8707,0.8417,-0.0707,1.1152,0.1519,2.1149,-1.9812,-0.1263,1.1696,-0.1858,-0.6714,-0.0925,-1.3179,0.3308,2.8845,1.4595,-1.0199,-0.7607,-0.2452,1.3049,-0.7036,-0.5593,1.1732,1.1511,-0.2112,-1.0295,-1.5047,-0.5689,-2.2536,1.0248,-0.493,0.7294,2.2552,1.4903,-1.0662,1.1562,1.4736,-0.621,-0.8486,0.0793,-1.5616,1.8178,-2.4459,-1.0175,-0.0965,-0.0498,0.3827,0.4986,-0.035,1.4506,-2.1533,0.1998,-0.586,0.3458,0.4428,-0.803,-0.505,1.0718,0.584,-0.5483,2.4439,2.7401,-1.4087
Compound 012,0.532,2.9599,1.0623,0.4432,-0.0289,-0.3953,-0.0338,-0.4058,1.0194,-0.238,-0.2853,-1.1224,0.1455,-0.7835,0.0012,1.346,0.6025,0.7552,0.5917,0.2651,0.0599,-0.1386,1.035,-0.9927,1.6748,0.2375,-0.6236,-0.3381,-0.5447,0.3762,-0.5896,1.4563,-0.6598,-2.2998,-0.6041,-2.0094,0.1561,1.3651,0.9125,-1.2713,-0.6385,2.1565,0.5504,0.2045,1.3617,2.898,1.6262,0.3534,0.5902,0.8788,-0.474,-0.9646,0.2577,-0.8419,0.1324,0.3057,2.7751,-0.7362,0.066,0.0193,0.681,1.3514,-0.3395,-0.7035,-1.6048,-0.8188,0.7901,0.2502,-0.917,-0.21,0.2346,0.754,-0.4527,-0.0755,-1.8003,-1.0665,1.9795,-2.207,-0.1716,0.4411,-0.2118,-0.689,0.1328,0.1945,0.1097,-1.8655,0.0379,-0.7406,-0.4025,0.4497,0.9048,1.1865,-0.3461,1.2164,1.4911,1.4503,1.7287,0.0397,0.0085,1.1076
Compound 013,-1.3032,0.4304,-0.3836,-0.2057,-1.7157,-0.7796,0.1775,1.1773,1.289,0.1116,-0.0082,-0.7137,0.6426,-0.0723,0.8665,2.1269,0.1644,-1.4471,-0.7469,-1.404,-1.1168,1.6358,0.4493,-1.4722,0.919,1.5864,-0.1959,-0.5436,-0.1711,0.5131,0.904,1.5004,1.5337,1.5039,1.6981,0.9275,-1.484,0.0559,0.5453,-0.2214,1.2024,-0.1962,-0.8183,1.7887,0.9326,0.4412,1.2194,1.3688,0.5751,-2.5034,-0.5431,-0.3022,-0.8826,0.4185,1.5114,-0.3334,-1.0483,2.4308,-0.2966,-1.1563,0.4614,0.6683,-0.5756,1.0695,-0.3361,-0.8152,0.3964,1.0478,-0.4972,0.5637,0.0972,3.3069,-0.5794,1.7226,0.1424,0.0606,0.9938,1.1834,1.5937,0.5615,-0.4604,-0.3914,0.7606,0.839,1.7379,0.6603,1.3662,1.8684,0.3813,-1.4341,-1.0972,-1.3816,1.9507,-0.7321,1.555,0.8443,2.0868,1.3034,0.0874,-0.02
Compound 014,0.2937,0.3928,-0.3838,0.1641,1.9703,-1.6724,0.4843,-0.7976,0.4057,1.1238,0.1366,1.0503,-1.5488,1.4177,-0.4634,0.8846,0.4007,-2.6441,-0.6317,0.4426,1.9094,0.516,0.4835,-1.354,1.7743,2.1878,0.2314,-0.0417,-1.581,1.1717,3.1725,0.9888,1.5901,0.7963,-0.8835,1.6703,-1.158,-0.0317,0.5067,1.1712,0.6576,0.6255,-0.6376,-1.2183,0.2676,-0.5812,-1.2386,-1.1925,-0.3391,-1.8378,-1.2822,-1.5987,0.4005,0.6488,2.4079,-1.4473,-0.5476,1.2039,-0.0385,-0.1597,2.0801,-0.1722,-1.0718,-1.2486,0.5693,0.5358,-1.3089,-0.8839,0.7882,0.835,-0.5075,0.8844,0.829,-1.7614,-0.1433,0.6566,-0.4304,-2.1528,-0.1113,1.0273,1.9384,-2.2099,3.0747,-1.0398,1.2527,1.5576,1.2813,0.3646,-1.0776,0.8892,-0.5868,-2.575,3.3118,0.9789,2.1999,-0.8028,1.8143,1.9489,1.91,0.1767
Compound 015,-1.1227,0.005,-2.223,-1.6722,0.3011,-0.8905,0.0191,0.0801,2.3238,1.6274,0.1506,1.5298,-0.6577,-0.1706,1.2012,-1.1658,-0.1069,-1.2529,0.3292,1.9958,-0.6273,0.4485,-0.7871,-1.0645,-1.1594,1.8002,2.7987,0.7313,-0.5879,0.9754,-0.1678,1.0815,0.5201,0.5077,0.868,-0.4374,-0.2448,-1.6934,-0.2861,-1.3646,0.0409,-0.8534,0.3114,0.6986,-1.3621,-0.6946,-0.8376,1.0211,2.077,1.1367,-0.1844,1.8115,-1.4655,1.8493,-0.5218,-2.8583,3.1159,1.9358,-0.9351,0.3859,-0.0359,0.3124,-1.4316,-0.5496,0.7148,0.445,1.5192,0.2877,2.7841,-0.5873,0.4853,-1.9079,-1.1784,1.6614,-0.8371,0.7837,0.1321,-0.949,-0.1831,-0.3657,-0.3361,1.029,0.9176,-0.4352,-0.7978,0.5106,0.09,1.3311,3.1208,1.1272,0.1618,0.0108,-0.7424,-0.7973,-0.9038,-0.2349,-0.2699,1.0181,-0.2389,-0.0172
Compound 016,-1.1401,2.009,0.7577,2.1678,1.0766,1.8386,-0.0733,0.9889,3.1761,-1.1459,1.4939,2.0677,0.6632,1.0417,1.6076,-0.5373,0.6592,-0.7768,-0.5604,-0.4947,0.0391,0.3648,0.7093,-1.396,2.4295,1.5019,1.0179,-0.2032,0.0996,0.8173,0.6636,-1.6932,1.0352,3.4871,-1.8826,1.3216,0.6164,0.0741,1.7477,-1.135,0.3838,1.8522,-0.0223,-0.2722,0.3298,-0.3024,1.9481,-0.825,1.1866,-1.2154,0.9563,0.0814,-2.7207,0.1932,-1.0065,-0.3025,1.9397,-1.0634,-0.9989,1.829,0.3311,1.9432,0.5659,-0.7978,0.125,1.5905,1.2643,0.201,0.2552,0.0727,-0.4541,2.3845,0.2081,-1.0792,-0.3395,1.0215,0.9255,0.0449,-0.556,0.227,-1.6928,-1.2723,1.1035,-0.342,0.624,1.5779,0.9347,0.2233,2.6068,0.9551,-0.2009,1.028,0.6613,-0.768,0.2825,0.0134,-2.0237,0.005,-0.1202,-0.2957
Compound 017,-1.6602,-0.2011,0.1551,0.3153,-1.0841,0.9152,-1.1746,-0.053,1.6758,-0.5829,-0.3775,1.4137,-0.2342,-0.1358,0.4501,1.3863,-2.2911,-0.7363,-0.9384,-1.0259,-0.7656,-0.7477,0.5401,-0.8033,0.3381,0.6526,-0.6229,0.3473,2.0453,0.5631,-0.5183,0.1268,-0.8317,0.5048,1.1707,-0.7217,-0.0353,1.451,-0.3593,0.4113,-0.9507,-0.7205,-0.3758,2.594,-0.25,-0.383,-0.4195,0.0178,0.9215,0.4084,2.4636,0.4352,1.7921,0.5044,0.8661,-1.388,0.0602,0.1242,-0.0673,-2.1682,1.1687,-0.2259,-0.2819,-0.0807,-0.0509,0.6478,-1.1981,-0.8241,0.5197,0.3601,-0.2143,-0.4313,-0.7179,0.1358,1.4988,-0.9639,1.8756,1.1284,-0.2983,1.0614,-1.4125,-1.7047,-1.2188,-0.2507,-0.158,-0.3667,0.3094,-2.1487,0.7449,-1.3612,-0.5269,-0.2541,-1.0718,-1.3081,-0.9067,0.1869,0.849,0.8207,-0.8939,-0.6707
Compound 018,-0.8127,0.6948,-2.0412,1.5622,-0.3333,-0.6619,0.5734,1.3359,0.5768,1.358,0.3478,1.5526,1.5697,0.0906,1.7831,0.3812,0.2956,-0.8136,-0.1177,1.0553,-1.2439,0.9146,0.5835,0.5053,-2.2271,0.0864,0.9131,-0.6393,0.2993,-2.4159,0.9385,-0.5287,1.1585,-1.8271,0.9615,-0.0606,1.0884,-0.8183,-0.4803,2.6667,-0.7129,-0.5766,-0.1042,-0.9248,1.5095,2.0975,-0.5745,-1.6986,1.4892,1.4192,1.1038,1.4722,-0.7543,0.0147,-1.3225,-1.36,1.2792,-0.5391,2.7075,0.2816,-0.5045,1.0777,2.1814,0.7347,-1.1389,0.6081,1.7132,-0.3426,-0.651,1.3181,0.354,-1.0128,-0.2177,-0.6312,0.5259,0.3207,1.4655,0.9806,-1.5199,0.6477,1.1866,0.7015,1.3331,-0.4045,-0.8459,1.2231,-0.972,-2.1755,1.3278,-0.5966,-0.1367,-1.3378,-1.2581,-1.0722,-0.1967,0.607,-2.3276,1.0274,-1.1002,-0.9729
Compound 019,0.9456,0.1179,-1.4901,2.2291,-0.7467,0.472,0.4199,1.7525,-0.3012,1.3089,-0.6161,1.4343,-0.6393,-0.1984,2.2856,0.5487,0.3207,2.6663,0.5975,-0.6978,1.0081,-1.0998,1.4411,1.5266,-0.4303,-0.4907,0.3942,0.2156,-0.8755,0.8249,-2.0461,-0.2761,-0.2443,-0.1006,0.5379,-1.1508,0.8474,0.0018,-0.5152,-1.3035,-1.1014,0.5964,-0.8602,0.2706,1.3682,1.3359,1.9164,-0.1259,-0.9937,1.3226,0.5406,1.4363,0.2122,1.5152,1.131,0.9881,0.7539,0.6375,0.4563,0.4485,1.2892,-0.3632,2.1093,0.0831,1.2839,0.1007,-0.0713,2.4355,-0.1403,-1.2049,-0.5855,-0.149,2.5707,0.4274,1.2282,-0.9018,0.5879,0.9386,2.1818,-0.5659,0.8638,0.5328,-0.9239,0.1786,-0.0898,-2.3579,0.8585,0.7943,-0.2828,-1.2724,1.8279,0.4926,1.3184,1.7514,-0.373,1.0934,-0.0653,0.1312,0.1058,0.1985
Compound 020,1.4254,0.3362,0.0309,-0.1042,0.5754,-0.7844,-0.3529,0.1425,-0.4224,0.0697,-0.4719,2.4044,1.662,0.6949,0.141,2.6098,0.5552,0.1045,0.5334,0.5365,1.7513,0.1791,2.5093,-0.7702,0.9635,-0.902,2.1988,-0.1636,0.136,1.2167,1.5809,-1.0231,-0.1808,-1.3344,0.351,0.0885,-0.1838,-0.5529,-0.2245,-0.621,0.7819,1.8675,-1.9238,0.0724,-0.26,0.7416,-0.8469,0.0389,-0.9436,0.9664,0.3092,0.0224,0.6072,-0.0711,-1.5092,0.8553,0.5171,0.0305,1.2834,1.5403,-1.0015,-0.6592,1.902,1.7607,-0.6122,-1.0988,-0.5013,-0.3479,-1.5425,0.2343,-1.2082,-1.1314,1.2077,-0.5515,0.1214,0.892,1.0945,-0.1707,0.2485,-0.7079,2.1221,0.9149,-1.0136,0.2045,0.9849,0.7274,2.2121,1.7096,-0.3932,0.1019,-1.2097,0.4744,0.3661,3.1738,0.3073,-2.1026,-0.5393,0.3236,-1.1816,-0.7539
Compound 021,-0.2022,0.576,0.0181,-0.7782,1.0664,-0.3936,-0.3492,-1.3176,-0.6646,0.9169,-1.5794,0.1217,0.9895,-0.2148,0.4638,-1.0285,1.6413,1.4112,0.459,-1.7306,-0.9506,1.2744,2.0844,0.5263,1.5721,-0.4685,-0.0083,0.2013,0.6654,-1.4817,1.2347,1.6548,-1.0636,-1.2909,0.5856,-0.5197,-2.4079,1.0894,0.3712,-0.3243,2.5248,0.3528,-0.6288,0.3113,-0.9441,-0.6379,0.625,-0.4096,-0.2961,2.0358,1.1456,1.0831,0.7817,0.7326,1.8022,0.1785,2.2411,-0.8465,-0.0805,-1.3165,-0.1782,0.7703,1.7964,-0.5297,0.2058,-0.1951,-0.6125,-1.1083,0.2667,-1.7053,0.3216,0.223,-0.5235,-0.912,-1.3227,2.2585,-1.2762,1.9135,0.8602,-0.2004,-1.0728,1.3467,2.1026,-0.8274,-0.1286,1.3568,0.5694,2.4,-0.4272,0.7965,-1.176,2.5055,-0.6034,-2.2288,0.0617,0.0466,2.3071,-0.1727,0.1861,0.8528
Compound 022,1.9449,0.1304,1.3434,0.7699,-0.1259,0.2853,0.2315,-0.8076,1.535,-1.3242,1.4883,1.2499,0.0976,-0.642,-0.0491,0.7201,1.0174,0.5156,1.2913,-0.4132,0.458,-1.5252,1.04,0.3685,-0.2571,1.4777,0.9607,-2.898,0.2439,-1.4005,1.3733,2.938,-0.3704,0.282,-0.0761,0.5859,0.909,1.6159,-0.8862,1.9288,-0.8247,0.5048,1.4744,0.9845,-0.8324,-0.5721,-0.3086,0.1437,1.4616,-1.221,0.7134,0.871,0.8141,0.7129,1.8701,0.7366,1.1427,0.8199,2.1724,-1.8898,1.6103,-0.0871,-0.1088,-0.8664,-1.8556,-0.2201,-0.556,0.7436,-1.4195,1.7748,0.4991,-0.0727,-0.5804,-0.6659,-1.0431,-0.3988,0.2067,0.0049,-1.3559,-0.0924,-0.7825,0.3759,2.2511,0.8875,-0.1444,-1.5874,-1.3562,-1.6554,0.9986,-0.6416,0.2689,-0.4842,0.3003,1.7418,-0.5534,-0.1751,-0.687,1.162,-0.9283,-1.0463
Compound 023,-1.3264,-1.3493,0.718,3.026,-0.8949,1.2467,0.4762,-1.0122,-0.1044,-0.0562,-0.5598,2.3237,-1.8967,0.6191,0.5647,-0.4376,0.3645,1.1654,0.368,0.6591,0.9622,-2.0353,1.8262,2.7061,1.2789,1.315,-1.3491,0.0697,-0.6932,-0.4459,1.2637,-0.6843,0.0569,-1.8994,0.0257,0.299,-0.5753,-0.5919,2.2751,-1.1307,-0.9557,-0.6899,1.5187,2.5117,0.5654,-0.589,-0.2705,1.3713,-0.8022,1.7982,1.7582,0.2772,0.9107,1.0247,1.9096,-0.9566,1.4993,-0.2128,-0.6445,0.3129,-0.0358,-0.8862,-1.5571,-0.8363,1.7976,2.3588,0.9151,1.5045,-0.3685,0.1151,0.511,-0.9894,-0.8889,0.3069,-0.1523,-0.9699,0.6252,-0.0896,1.3235,0.1943,-0.1303,0.3404,0.0108,-0.5349,-0.2422,1.0244,0.9112,1.6149,-1.6623,-0.2324,-0.256,0.3889,-0.2974,-0.3645,1.0613,0.3959,-1.083,1.668,1.2964,-0.4314
Compound 024,1.1144,-0.6087,1.4383,-0.0396,-0.6831,-0.2104,-0.6424,0.4114,0.3926,0.2394,-0.4123,-3.8272,0.3021,-1.8859,0.4686,1.4439,0.5013,-0.2284,0.0021,0.0536,-0.4042,-0.4422,-0.8163,1.507,0.1829,1.2519,-0.0751,0.2794,0.0126,0.7091,1.1093,0.4637,-0.5412,-0.6579,2.0251,-0.108,-0.1202,1.8115,1.3966,0.7872,-0.2393,2.7885,0.6323,0.8017,0.0118,-1.3557,-1.2682,0.6477,0.631,-0.064,-1.0889,-1.3858,-0.1606,-1.4017,1.1888,1.4679,3.3119,1.1661,-0.4521,-0.7588,-3.5969,-0.4544,0.0053,1.2646,0.8728,0.8472,0.435,0.927,1.7924,-0.9714,-0.303,-1.3274,1.9805,1.6266,1.0275,-1.1184,0.3902,-0.0581,0.2889,-0.0069,0.7719,-0.2343,1.14,0.4655,-0.1224,0.077,-0.2846,1.0953,-0.0986,0.5244,-0.2316,-1.4336,1.1967,-0.9639,0.9471,0.6622,-1.6216,-0.8391,-0.3655,-0.7028
Compound 025,-1.1003,1.0141,-0.0635,0.6243,-0.2736,0.5359,-0.6263,0.1708,0.84,0.2496,-0.3028,-0.9953,0.3844,0.5794,-0.0842,-0.6463,0.7968,2.9299,-0.1327,0.5704,0.6151,-2.6231,0.3362,-0.5772,1.7232,-0.0794,-0.6553,-0.0403,0.3832,-0.4159,0.1421,-1.2896,-0.0478,1.0532,2.3661,0.9772,0.4991,1.5021,1.321,2.0302,1.3909,0.0704,0.4843,0.3971,0.5324,0.4204,-0.6607,-2.114,-0.5388,-2.0286,0.2748,0.205,-1.6431,0.957,1.1535,0.3054,2.0344,2.2588,-1.1266,1.3404,0.6849,0.6602,1.2279,-0.5911,-0.4516,-0.7093,-0.6304,0.0916,-1.397,-0.9503,0.8353,0.1219,0.6213,-1.8782,-0.6622,-0.411,0.2358,-0.4449,1.2265,0.1359,0.2187,0.2149,0.9788,-0.3188,1.4346,0.7061,0.3694,0.2459,0.7723,1.3169,1.2401,0.6134,1.1644,0.3302,1.5777,0.1707,-2.0827,1.6717,0.3186,-1.0882
Compound 026,-0.018,-0.7722,2.5102,0.7475,-1.5256,0.8008,-0.2386,2.3085,-0.958,-2.2717,0.2725,-0.1828,-0.2582,-2.1554,0.6695,2.0407,-1.9,1.4883,-0.4256,2.7839,0.6796,-0.0066,1.4159,0.7786,-0.4517,0.9812,-0.3618,-1.7673,2.4348,-0.1845,-0.4699,0.5726,-1.5156,-1.2889,-0.3496,-0.3717,0.2791,1.4348,-0.3214,0.7421,0.8617,-0.9925,0.4513,-0.8369,1.3703,0.7006,0.2182,-1.2737,0.3276,-0.6437,0.9766,0.0687,-0.6936,1.2181,0.9937,-0.4526,1.4782,-0.1282,-0.1401,0.3362,-0.6279,-0.2858,0.0235,1.8833,1.8496,-0.0848,1.9715,0.1524,0.6186,1.1719,0.5213,2.8567,0.4677,-1.1173,1.636,-0.2533,-0.1347,-3.0908,1.3011,1.1003,1.0789,1.2762,2.0601,0.1494,1.2314,-0.6182,-0.1892,1.3624,0.6302,-1.2668,0.5975,-0.0012,-0.7005,0.6777,-0.245,-1.5275,-1.0223,2.1461,-1.4664,0.4451
Compound 027,0.8711,0.9031,-1.148,-0.1537,0.3549,1.0802,-0.5095,-1.0798,1.3028,1.4157,0.6071,-0.4697,0.6474,0.3202,1.1214,-1.174,0.3279,0.025,-1.0207,0.4372,0.2384,-0.2514,0.6356,-1.3607,0.141,0.6746,0.5124,1.3841,-1.1212,-1.4587,0.463,0.7007,2.5318,0.8783,-0.7613,1.0866,-0.7302,-1.4344,3.07,0.5584,0.9864,0.8199,2.1933,0.5125,1.5395,-0.93,-1.3314,1.7692,1.8223,0.7618,0.4487,0.3828,-0.557,1.8925,0.9248,0.7565,0.6137,1.3527,0.7555,1.0199,-1.0858,0.761,2.6059,-0.3704,0.0583,1.1811,1.253,0.8869,-1.5794,0.7519,-1.102,-0.7072,0.8029,-0.1254,1.0906,3.663,1.0549,0.9951,-0.7853,-0.5073,-0.97,-0.3859,-1.0009,-0.5257,-0.0296,-0.9006,-1.361,-1.2976,0.6993,0.2657,1.3285,1.3489,-0.1747,0.937,-1.3846,2.7113,1.5149,-0.0365,-1.0795,0.6181
Compound 028,-1.8571,-0.6572,1.0236,0.283,-0.3401,1.2458,-0.9425,0.5132,-0.3477,-0.7321,0.7097,-0.8922,2.2922,-0.4432,2.3888,-1.0034,0.8665,-1.1195,-1.2752,0.3757,0.9453,-1.2017,1.5026,-0.6774,0.3443,0.6178,0.8541,-1.7776,1.9804,0.818,-0.2682,-0.9266,-1.6635,-1.2976,0.7994,-0.1752,-1.0447,-0.3796,1.9205,-0.1637,-0.4429,1.6857,0.7081,0.2487,-0.4686,-1.5077,-1.0876,-0.3285,-0.0416,0.5919,0.8069,0.4452,0.4424,-0.9083,-2.1702,-0.373,-0.8496,-0.5179,-0.102,-1.168,-1.0216,0.0897,0.3273,-0.5216,0.7481,-0.0414,-0.9219,0.2448,2.2707,-0.5424,1.4828,1.7156,1.848,-0.7049,2.4169,0.328,-0.0792,-0.0534,0.8617,0.2562,0.0054,1.6119,-0.595,-0.9475,1.0724,0.974,1.4034,-0.9794,1.3895,0.7302,2.1388,-1.1731,0.4401,-0.1053,-1.5487,-0.5864,1.4398,-0.3159,-0.5949,1.1551
Compound 029,1.2878,1.2855,-0.6687,0.1362,1.3337,-0.5216,-0.6243,1.1111,1.9186,-1.0673,-2.6573,-1.3953,-0.9137,0.0486,0.8774,0.0388,-0.5704,0.3687,-0.8581,0.1484,-0.5057,3.1484,1.0985,-0.7185,-0.8966,-0.282,-1.6094,-0.6035,-0.612,1.1723,-0.2693,-0.6696,-1.2745,-1.0943,0.127,-0.0366,1.4477,-0.492,1.3651,0.4828,0.1949,-2.0091,-1.2191,1.0156,1.7376,0.4271,1.0388,-0.2485,-0.2085,-0.5293,1.2722,0.5771,-0.0576,-0.1612,0.8122,0.5554,-0.7152,2.0876,0.4827,0.2115,1.825,1.3264,0.1032,0.7896,-0.977,-0.5049,-2.2864,1.5424,-1.8883,0.9494,-0.7137,-0.8769,-0.0145,0.4931,0.8733,2.1488,0.5945,1.1693,-0.4583,0.9851,0.3686,-0.3095,0.0944,0.1317,0.4102,0.6415,-0.3598,-0.6149,1.0222,-1.6662,-0.48,1.9079,-2.7779,-0.5624,0.9565,-1.6154,3.058,-2.6472,1.7802,1.9131
Compound 030,1.208,-0.0437,0.5929,-0.787,1.0903,-1.0319,-0.1013,1.2959,-1.0257,-0.2007,0.3807,-1.276,1.4808,0.5749,-1.4671,0.1483,-0.6529,-0.5233,0.2844,-0.5807,1.261,-0.5751,1.2799,0.1519,1.1413,-0.3955,-0.3558,-1.0677,0.8358,1.2316,2.5311,1.6196,0.4748,-0.0321,0.6276,0.1695,1.8098,1.2383,-0.7204,-0.5564,1.704,0.5389,-0.0549,1.505,-0.2264,-0.1078,-0.3073,-1.9578,1.1507,-1.13,-0.4256,-0.6183,0.9997,0.1246,0.217,-1.6474,0.1038,-1.424,0.5379,0.6034,0.1809,2.4475,0.7805,0.8554,0.3565,-0.012,1.2625,1.4116,-1.2313,1.3599,0.7652,1.2568,0.7128,-1.1687,-1.0902,2.207,0.4777,-1.359,0.5829,-0.1983,-1.8278,-2.3192,-1.5629,0.499,0.1471,-0.0741,0.5131,0.8612,-2.1128,-0.1313,-0.7107,-1.1565,-0.4019,0.0648,-0.093,-1.4001,-0.3315,2.4174,-0.96,-1.6558
Compound 031,0.5028,0.8563,0.7104,-1.0317,1.2979,-0.6639,-1.0484,-0.4693,0.0804,0.9855,0.8862,0.1753,1.2262,0.2896,1.1856,-1.3443,-1.5316,1.0533,-1.3291,-0.1317,0.0921,-0.3367,-0.2988,1.7319,-2.5826,1.1723,2.7247,0.2259,0.1791,0.999,2.2117,-1.1069,0.2965,-0.0048,0.8153,0.3751,0.9256,-0.2638,0.2539,-0.5374,-0.5307,0.0443,0.0438,-1.0897,1.9271,0.0514,-1.3221,1.4117,-0.6231,0.7591,0.1813,0.4757,0.3881,-0.4327,0.245,2.4364,-2.2614,0.2726,0.6785,-0.9575,-1.3074,2.5748,-0.2087,2.4869,0.7893,0.2838,0.7236,0.8985,1.4976,0.6794,0.3591,0.3939,1.6871,1.0987,-0.9022,-0.4992,0.5638,-0.4852,-0.2141,-0.8515,-0.0878,0.666,1.2947,0.2102,2.4823,0.1159,3.7128,1.3018,0.7464,-0.3489,-2.9069,0.0294,0.396,2.3147,-1.3177,2.2965,-0.0764,0.9965,-2.5938,0.3529
Compound 032,-0.1781,0.9507,0.3003,-1.0565,1.2417,0.9641,0.8564,1.3098,1.4111,0.176,-1.2934,-1.3235,1.6847,0.9815,0.3122,-0.2781,0.2347,0.2273,-0.1704,-0.5689,2.5807,0.4514,-0.4664,-1.2323,-0.5983,0.9917,1.0342,-0.0402,0.2569,-0.1356,-1.0186,1.6319,0.6099,2.924,-0.6318,0.0487,1.1713,-0.0696,-1.3265,-0.8438,0.3108,0.5777,0.0959,1.3038,1.292,0.5551,0.2296,-0.0782,0.8061,1.2116,0.2667,0.695,-0.1567,-1.3527,-0.901,1.0423,0.6917,1.9492,0.2617,1.1513,1.6553,1.2939,-0.4694,-0.003,0.3428,-0.8845,0.7217,1.3264,-0.3289,2.3698,-0.1198,-0.0233,-0.0621,-0.5791,0.6596,0.222,2.0275,0.868,0.7915,-0.0437,-1.3557,0.1015,-0.7353,1.247,0.1665,2.0323,1.0088,1.1191,0.4537,0.4295,0.9186,1.2149,-0.5816,0.7415,3.0832,0.1013,-0.0811,-0.5617,-1.3934,1.5078
Compound 033,0.2671,0.5296,2.2293,2.9601,-0.7774,1.36,0.8862,0.6396,0.728,0.1763,1.9504,0.8783,0.5817,1.5744,1.189,0.7091,0.5625,2.1343,0.7635,0.1043,-0.7398,-0.1753,-0.9516,0.3215,0.4858,-2.0527,0.2232,0.9171,0.3862,-0.8471,1.5986,-0.5631,-1.1483,-0.986,0.1868,1.2839,1.4848,0.4333,-1.1105,-0.5202,-0.7853,0.0058,-1.7496,0.324,0.9112,0.0376,0.7075,-0.8312,-1.399,-0.4996,1.4739,1.334,-0.3016,1.5251,-0.1565,1.8639,0.7317,-0.2964,1.0755,-0.6515,-0.8288,-1.3956,0.4844,0.1415,0.1152,-0.2508,1.7817,-0.266,-0.5958,1.5707,1.7634,0.5727,-1.714,-0.4597,0.8742,0.2195,1.9095,-1.3036,0.9462,-0.4897,1.6553,0.1174,1.3337,-0.5123,-1.3504,-1.0214,-0.4674,-0.9273,1.5205,1.6728,0.5004,-0.9376,0.0698,-0.5546,1.7995,0.5475,0.7384,-0.2397,-2.0125,-0.6482
Compound 034,-1.0283,0.6073,0.3062,-0.6818,-0.2275,1.9231,-0.8553,-0.8097,-0.0512,-0.5691,-0.2716,0.7846,2.1054,-1.7574,0.1799,0.2456,0.1077,-0.0058,-0.1744,1.3046,-0.3117,0.06,0.1999,0.3182,0.012,1.2992,0.1905,0.3915,0.1434,-0.9033,-0.713,-0.955,0.4119,-0.5848,-0.9675,0.4619,0.7775,-1.7369,2.0586,0.2355,0.0843,1.3735,0.2768,-0.4642,2.614,-0.9818,0.0926,1.1319,-0.9766,0.0878,0.6252,2.8418,-0.7821,0.1476,0.9246,0.2891,-1.1231,0.6489,0.3183,0.6902,1.4446,1.3145,0.6485,0.5416,-1.0083,0.0523,0.4424,-0.2411,0.3074,-0.7079,1.8878,2.5673,-0.2285,0.6404,-0.0576,1.5891,0.6785,0.2851,-0.046,0.3387,-0.9004,0.9431,-0.5854,0.7884,0.3426,1.4044,0.1813,1.3254,-0.8146,0.8704,-0.0465,0.4136,0.2789,1.2299,-2.0216,0.5554,-1.4439,1.5275,-1.97,-0.9042
Compound 035,-1.6413,2.0032,-1.2179,0.3253,-0.3894,-1.7797,-0.171,0.929,-0.0027,1.2352,-0.1981,0.2075,-0.2233,0.5779,2.2888,0.5985,0.4139,-0.4803,-0.631,1.8105,-1.0235,-0.8045,0.0928,-0.2689,2.3518,-2.4029,0.5975,0.984,-1.0325,-0.509,0.6759,1.9925,-0.8126,-1.5371,1.2697,1.8761,-0.1685,-2.2352,1.7971,-0.0184,1.4363,0.1522,-0.2132,-0.2971,1.8208,1.7779,-2.1516,-0.8299,2.1548,-0.204,-1.2965,0.2049,0.0808,0.0929,-0.3275,-0.1411,-0.3015,0.5673,-0.694,-0.1186,0.0415,1.6363,0.6108,0.0793,0.7898,0.6467,1.3966,0.7572,2.1733,1.6791,0.1549,-0.256,1.1708,0.7683,0.096,-1.4246,-1.8156,0.5831,1.0479,1.0838,-1.2159,1.3411,-0.3876,0.6273,0.6584,-0.6827,-0.4505,-2.0804,-0.8084,-1.7828,0.6811,0.2676,1.2055,0.5922,-0.4982,0.5808,-0.2295,0.87,0.5469,-0.8874
Compound 036,0.2024,0.2609,-0.1385,1.1844,2.0844,-0.2045,-0.1858,-2.2729,0.0582,-0.2798,-2.1773,0.5173,0.8501,-0.6075,-0.2099,-0.8631,1.0388,-1.4692,-0.1446,2.3462,0.2567,0.7147,0.0387,-1.0919,0.1641,0.6471,-0.9249,0.5758,1.5694,1.3767,-1.541,-0.8728,-1.575,1.3783,0.8714,0.9735,-0.7662,-1.0833,0.2846,0.3111,-0.7397,0.3564,0.909,0.4508,-0.9433,-2.1239,-0.0848,0.3808,-0.0861,-0.2712,-0.5606,0.9872,0.1424,0.3355,-0.8687,-0.4825,0.3802,-0.906,-1.1852,-0.1621,1.5211,0.41,1.8056,0.0553,-0.1411,-1.3315,-0.4338,1.7787,0.5603,1.0064,0.9756,0.1895,-0.0253,0.3311,0.9384,0.7037,0.7412,0.3696,-0.6469,-0.0878,-0.8356,1.3051,-2.1122,-0.0397,2.8259,-0.1757,-1.0483,0.1802,1.6183,0.0235,0.8747,0.3099,-0.2102,3.6653,0.2783,-0.3909,-0.339,0.6186,0.6501,1.0492
Compound 037,0.3553,-1.3748,0.7851,-0.1399,-0.1147,-1.4312,-0.4309,-0.5995,0.1599,-1.3988,0.2557,0.3368,-1.0317,-0.4871,-0.7433,1.1984,-2.5811,-0.1777,-1.6266,-0.2748,1.1314,-0.4937,0.3522,-0.7293,2.3334,1.2045,1.4399,-1.261,-1.0112,1.3877,-0.0138,-0.0837,0.5672,-1.1807,1.0502,0.2202,0.7272,-0.5377,0.7646,-0.5754,1.2498,1.4426,1.2031,0.7681,0.8972,-2.7765,1.1184,-0.1014,0.3044,-0.1121,-1.3303,-0.3925,0.9244,1.7591,-0.4852,-0.7944,1.7969,-0.7708,2.481,0.2557,-0.7717,1.2828,2.0627,-1.3782,1.9149,-0.1095,1.835,-0.2185,-1.5349,0.7522,1.2192,2.5056,2.096,0.9648,-0.0615,-0.3727,-0.1244,-0.714,-0.102,-2.599,0.3968,0.1682,3.0225,1.0346,-0.3282,0.8212,-1.1483,-0.463,-1.8544,1.7799,0.8527,-1.0931,0.1335,1.2447,0.7446,0.6205,-0.7436,-0.501,0.3047,1.2123
Compound 038,-0.7118,-1.0335,1.4584,-0.8233,1.3849,0.4674,1.1692,2.1188,0.9575,1.0536,-0.8096,-0.5647,0.9083,1.8877,1.7313,2.7483,0.542,0.4231,1.3068,0.2208,0.1313,-0.9521,1.2903,-0.9792,0.7635,-1.3611,1.406,-0.9317,1.1278,-1.5483,-0.2838,1.4962,-0.6859,0.2739,-0.3263,-2.3404,0.5389,0.6755,-1.0185,0.8311,-0.6753,-0.9037,0.2075,-0.5496,2.7217,-1.5104,1.0123,1.2878,-1.9772,-1.7057,0.8186,-0.3297,0.6219,1.4534,-0.2094,-0.9704,-2.8024,0.4251,-0.8215,0.5447,0.4548,-1.3229,2.0963,1.3916,1.1331,-1.1029,-0.2482,-0.4016,-0.2562,-1.0365,0.6781,0.4522,0.6019,-0.3565,1.6201,0.4065,-2.8116,-0.5041,0.1373,1.2619,-0.1308,-0.0751,-0.5291,0.9321,-0.2923,-0.4638,-0.6164,0.8122,-0.3863,-1.6435,0.8849,-0.5715,0.5927,0.6112,1.524,1.349,-0.4325,0.017,-1.2194,2.0451
Compound 039,0.6858,1.7339,-0.1509,-2.0541,1.8849,0.3024,0.3465,0.261,0.9091,0.7864,-1.5496,1.3956,-0.3818,-0.3138,2.1002,1.2126,-0.172,-1.842,0.3778,0.7925,0.1114,-1.1706,-0.6698,-1.1807,0.4369,1.1014,1.3279,-0.6055,0.4585,0.8095,-0.3623,0.0366,2.5363,0.4256,1.1713,-0.2783,0.2459,-1.6858,0.1724,1.5115,2.5088,1.5163,0.9555,0.2583,-0.46,0.0237,0.8741,-0.6637,1.2264,-0.8825,-1.7572,-0.9133,-1.6319,-1.3096,1.4453,-0.0202,0.4404,1.4739,1.585,-0.3551,1.6614,0.6231,0.2037,0.6863,-1.3682,-0.6647,0.081,0.8707,-0.2092,0.0599,1.2664,1.7529,1.0438,1.5953,-0.2448,-0.1371,0.5502,-0.1312,-0.3578,2.0174,-0.0213,-0.8626,0.7361,2.2194,0.2889,1.5545,-0.2816,-0.3404,-0.5588,0.0422,2.22,-1.071,2.001,-0.9093,-0.0572,1.1194,0.8933,0.5102,-1.6143,0.5985
Compound 040,-0.9246,3.0258,-0.0348,0.4076,-1.0614,-0.3268,-1.2201,1.2797,-0.0882,0.8189,-0.553,-0.3513,1.617,-0.8689,-1.7816,0.6469,-1.0555,-0.2834,1.2027,-0.7005,1.1663,-0.5493,1.8397,1.6576,-0.3185,-0.0346,-0.7151,0.42,1.4641,-1.3914,1.2092,-1.2563,-0.7457,-1.7665,2.5154,0.2646,0.4692,-0.5437,1.3737,-2.1135,0.2293,2.6274,-0.2203,0.2189,0.9395,-0.6926,0.2251,1.2571,0.4138,0.6081,-0.1844,0.5472,0.2613,1.8006,0.9968,-0.0681,-2.4915,0.9873,1.0308,-0.8086,-1.9982,-1.056,1.2188,-0.9713,-0.3055,0.4424,1.5468,0.18,0.0896,-0.4037,1.9937,1.3725,0.0954,-1.3362,-0.6693,0.8374,-0.5936,1.1815,0.5976,0.5219,0.9188,0.7484,-0.7407,-0.1584,2.7738,-1.1286,-0.322,1.3723,0.0248,-0.6933,-1.2555,0.7896,1.3219,1.7399,0.2592,1.3495,-0.9362,0.3848,-0.5451,0.3912
